{"cameraMode":{"drawMode":0,"name":"Shaded","section":"Shading Mode"},"sceneLighting":false,"audioPlay":false,"sceneViewState":{"showFog":false,"showMaterialUpdate":false,"showSkybox":false,"showFlares":false,"showImageEffects":false,"showParticleSystems":true},"in2DMode":false,"pivot":{"x":0.00004425644874572754,"y":0.5774620771408081,"z":0.050510287284851077},"rotation":{"x":0.12413725256919861,"y":0.8665627837181091,"z":-0.26692986488342287,"w":0.40299785137176516},"size":3.4862170219421388,"orthographic":false}