{"cameraMode":{"drawMode":0,"name":"Shaded","section":"Shading Mode"},"sceneLighting":true,"audioPlay":false,"sceneViewState":{"showFog":false,"showMaterialUpdate":false,"showSkybox":false,"showFlares":false,"showImageEffects":false,"showParticleSystems":true},"in2DMode":false,"pivot":{"x":-101.58905029296875,"y":158.94338989257813,"z":64.39909362792969},"rotation":{"x":0.12583880126476289,"y":-0.7962003946304321,"z":0.17746999859809876,"w":0.5645654201507568},"size":622.8455810546875,"orthographic":false}